{
  "version": "1.0",
  "resources": [
    {
      "resource": "asset",
      "metadata": {
        "name": {
          "defaultValue": "row(\"Asset\").ToString",
          "isExpression": true
        },
        "folderPath": {
          "defaultValue": "row(\"OrchestratorAssetFolder\").ToString",
          "isExpression": true
        }
      }
    },
    {
      "resource": "queue",
      "metadata": {
        "folderPath": {
          "isExpression": true
        }
      }
    }
  ]
}